Name,Confidence,Instances,Parents
Person,99.36316680908203,"[{'BoundingBox': {'Width': 0.5221090316772461, 'Height': 0.6881116032600403, 'Left': 0.4030741751194, 'Top': 0.29984939098358154}, 'Confidence': 99.36316680908203}]",[]
Human,99.36316680908203,[],[]
Worship,76.22600555419922,[],[]
Prayer,72.61729431152344,[],[{'Name': 'Worship'}]
Finger,67.93759155273438,[],[]
Face,58.91313552856445,[],[{'Name': 'Person'}]
